COD_RH; COD_PRODUCTO; COD_TIPO_PRODUCTO; NOMPRE_PRODUCTO; COD_TIPO_EVENTO; EVENTO_ASOCIADO; DATOS_COMPLEMENTARIOS; LUGAR; AÑO; AMBITO; PALABRAS_CLAVE; ÁREAS; SECTORES; COAUTORES; VINCULA_COAUTORES; EDITORIAL; VOLUMEN; PAGINAS; DOI; FINALIDAD; INSTITUCIONES_ASOCIADAS; TIPO_VINCULACION_INSTITUCION
0000228958;1;0;;1;28th International Conference on Lightning Protection ICLP 2006;;IBAGU;;;;;;FRANCISCO JOSE ROMAN CAMPOS;Asistente;;;;;;;;
0000228958;2;0;;1;28th International Conference on Lightning Protection ICLP 2006;;Kanazawa;;;;;;FRANCISCO JOSE ROMAN CAMPOS;Asistente;;;;;;;;
0000228958;3;2;STUDY OF THE BEHAVIOUR OF THE CORONA CURRENT UNDER CONTROLLED ENVIRONMENTAL CONDITIONS;1;X SIPDA International Symposium on Lightning Protection;;Curitiba   Curitiba Brasil;2009;Internacional;;;;FRANCISCO JOSE ROMAN CAMPOS;Ponente;;;;;;UNIVERSIDAD NACIONAL DE COLOMBIA SEDE BOGOTA UNIVERSIDAD DE SAN PABLO CEU;Patrocinador Patrocinador;
0000228958;4;2;NOISE REDUCTION OF MEASURED LIGHTNING ELECTRIC FIELDS SIGNALS USING THE WAVELET TRANSFORM;1;X SIPDA International Symposium on Lightning Protection;;Curitiba   Curitiba Brasil;2009;Internacional;;;;FRANCISCO JOSE ROMAN CAMPOS;Ponente;;;;;;UNIVERSIDAD NACIONAL DE COLOMBIA SEDE BOGOTA UNIVERSIDAD DE SAN PABLO CEU;Patrocinador Patrocinador;
0000228958;5;2;Timedomain analysis of an electromagnetic lens for a Half Impulse Radiating Antenna;6;2010 AsiaPacific Symposium on Electromagnetic Compatibility;;Beijing China   Beijing China;2010;Internacional;;;;FRANCISCO JOSE ROMAN CAMPOS;Ponente;;;;;;LA SOCIEDAD OPERADORA DE AEROPUERTOS CENTRO NORTE S A;Patrocinador;
0000228958;6;2;Analysis of wavelet based denoising methods applied to measured lightning electric fields;3;2010 30th International Conference on Lightning Protection ICLP;;Cagliari   Cagliari Italia;2010;Internacional;;;;FRANCISCO JOSE ROMAN CAMPOS;Ponente;;;;;;LA SOCIEDAD OPERADORA DE AEROPUERTOS CENTRO NORTE S A UNIVERSIDAD DE CAGLIARI;Patrocinador Patrocinador;
0000228958;7;2;Wideband experimental characterization of differential antennas;3;2012 6th European Conference on Antennas and Propagation EUCAP;;Prague   Prague;2012;Internacional;;;;FRANCISCO JOSE ROMAN CAMPOS JOHN JAIRO PANTOJA ACOSTA NESTOR MISAEL PENA TRASLAVINA;Ponente Ponente Ponente;;;;;;LA SOCIEDAD OPERADORA DE AEROPUERTOS CENTRO NORTE S A;Patrocinador;
0000228958;8;2;Striking Distance of Vulnerable Points to be struck by Lightning in Complex Structures;3;2006 28th International Conference on Lightning Protection;;Kanazawa   Kanazawa Japon;2006;Internacional;;;;FRANCISCO JOSE ROMAN CAMPOS;Ponente;;;;;;LA SOCIEDAD OPERADORA DE AEROPUERTOS CENTRO NORTE S A U;Patrocinador Patrocinador;
0000228958;9;2;Comparison Between the Signatures of Lightning Electric Field Measured in Colombia and that in Sri Lanka;3;2006 28th International Conference on Lightning Protection;;Kanazawa   Kanazawa Japon;2006;Internacional;;;;FRANCISCO JOSE ROMAN CAMPOS;Ponente;;;;;;LA SOCIEDAD OPERADORA DE AEROPUERTOS CENTRO NORTE S A U;Patrocinador Patrocinador;
0000228958;10;2;Modeling of metal  oxide distribution surge arresters with an intentionally connected series gap;3;2006 28th International Conference on Lightning Protection;;Kanazawa   Kanazawa Japon;2006;Internacional;;;;FRANCISCO JOSE ROMAN CAMPOS;Ponente;;;;;;LA SOCIEDAD OPERADORA DE AEROPUERTOS CENTRO NORTE S A U;Patrocinador Patrocinador;
0000228958;11;2;Analysis of a Lightning accident Considering a Modified Human Body Model;3;2006 28th International Conference on Lightning Protection;;Kanazawa   Kanazawa Japon;2006;Internacional;;;;FRANCISCO JOSE ROMAN CAMPOS;Ponente;;;;;;LA SOCIEDAD OPERADORA DE AEROPUERTOS CENTRO NORTE S A U;Patrocinador Patrocinador;
0000228958;12;2;Understanding the point discharge DC current produced by corona needles;3;2006 28th International Conference on Lightning Protection;;Kanazawa   Kanazawa Japon;2006;Internacional;;;;FRANCISCO JOSE ROMAN CAMPOS;Ponente;;;;;;LA SOCIEDAD OPERADORA DE AEROPUERTOS CENTRO NORTE S A U;Patrocinador Patrocinador;
0000228958;13;2;Improvement of the Output Current Response of an Electrostatic Fast Impulse Current Generator;3;2006 28th International Conference on Lightning Protection;;Kanazawa   Kanazawa Japon;2006;Internacional;;;;FRANCISCO JOSE ROMAN CAMPOS;Ponente;;;;;;LA SOCIEDAD OPERADORA DE AEROPUERTOS CENTRO NORTE S A U;Patrocinador Patrocinador;
0000228958;14;2;Experimental Analysis of a Parallel Antenna Used in Lightning Electric Measurements;3;2006 28th International Conference on Lightning Protection;;Kanazawa   Kanazawa Japon;2006;Internacional;;;;FRANCISCO JOSE ROMAN CAMPOS;Ponente;;;;;;LA SOCIEDAD OPERADORA DE AEROPUERTOS CENTRO NORTE S A U;Patrocinador Patrocinador;
0000228958;15;2;Design of a switched oscillator for IEMI susceptibility testing;3;Design of a switched oscillator for IEMI susceptibility testing;;Denver   Denver Co USA;2013;Internacional;;;;FRANCISCO JOSE ROMAN CAMPOS JOSE FELIX VEGA STAVRO NESTOR MISAEL PENA TRASLAVINA NICOLAS MORA PARRA;Ponente Ponente Ponente Ponente;;;;;;LA SOCIEDAD OPERADORA DE AEROPUERTOS CENTRO NORTE S A UNIVERSIDAD NACIONAL DE COLOMBIA SEDE BOGOTA;Patrocinador Patrocinador;
0000228958;16;2;Design and simulation of a coaxial exponential transmission line for a Half Impulse Radiating Antenna;3;2011 XXXth URSI General Assembly and Scientific Symposium;;ESTAMBUL   Estambul Turquia;2011;Internacional;;;;FRANCISCO JOSE ROMAN CAMPOS;Ponente;;;;;;LA SOCIEDAD OPERADORA DE AEROPUERTOS CENTRO NORTE S A;Patrocinador;
0000228958;17;2;STUDY OF THE BEHAVIOUR OF THE CORONA CURRENT UNDER CONTROLLED ENVIRONMENTAL CONDITIONS;6;2009 X International Symposium on Lightning Protection SIPDA;;So Paulo   Sao Pablo Brasil;2009;Internacional;;;;FRANCISCO JOSE ROMAN CAMPOS;Ponente;;;;;;LA SOCIEDAD OPERADORA DE AEROPUERTOS CENTRO NORTE S A CORPORACION UNIVERSITARIA MINUTO DE DIOS SEDE BELLO;Patrocinador Patrocinador;
0000228958;18;2;NOISE REDUCTION OF MEASURED LIGHTNING ELECTRIC FIELDS SIGNALS USING THE WAVELET TRANSFORM;6;2009 X International Symposium on Lightning Protection SIPDA;;So Paulo   Sao Pablo Brasil;2009;Internacional;;;;FRANCISCO JOSE ROMAN CAMPOS;Ponente;;;;;;LA SOCIEDAD OPERADORA DE AEROPUERTOS CENTRO NORTE S A CORPORACION UNIVERSITARIA MINUTO DE DIOS SEDE BELLO;Patrocinador Patrocinador;
0000228958;19;2;Noise Reduction of Measured Lightning Electric Field Signals using the Wavelet Transform;6;2009 X International Symposium on Lightning Protection SIPDA;;So Paulo   Sao Pablo Brasil;2009;Internacional;;;;FRANCISCO JOSE ROMAN CAMPOS;Ponente;;;;;;LA SOCIEDAD OPERADORA DE AEROPUERTOS CENTRO NORTE S A CORPORACION UNIVERSITARIA MINUTO DE DIOS SEDE BELLO;Patrocinador Patrocinador;
0000228958;20;2;Design Of A Multigap Loop Mgl Sensor For Lightning Magnetic Field Measurement;6;2011 International Symposium on Lightning Protection XI SIPDA;;Forlateza   Fortaleza Brasil;2011;Internacional;;;;FRANCISCO JOSE ROMAN CAMPOS;Ponente;;;;;;LA SOCIEDAD OPERADORA DE AEROPUERTOS CENTRO NORTE S A UNIVERSIDAD DE SAO PAULO;Patrocinador Patrocinador;
0000228958;21;2;Influence of the wind for positive corona in a singleneedleelectrode on thunderstormlike conditions;6;2011 International Symposium on Lightning Protection XI SIPDA;;Forlateza   Fortaleza Brasil;2011;Internacional;;;;FRANCISCO JOSE ROMAN CAMPOS;Ponente;;;;;;LA SOCIEDAD OPERADORA DE AEROPUERTOS CENTRO NORTE S A UNIVERSIDAD DE SAO PAULO;Patrocinador Patrocinador;
0000228958;22;2;Behavior of corona current and atmospheric variables under thunderstorm conditions Thunderstorm prediction algorithm;3;2012 International Conference on Lightning protection ICLP;;Vienna;2012;Internacional;;;;DAVID FERNANDO ARIZA GONZALEZ FRANCISCO JOSE ROMAN CAMPOS FRANCISCO SANTAMARIA PIEDRAHITA OSCAR FERNANDO ESCOBAR ALVARADO OSCAR RICARDO MONTERO TOVAR;Ponente Ponente Ponente Ponente Ponente;;;;;;LA SOCIEDAD OPERADORA DE AEROPUERTOS CENTRO NORTE S A VIENNA UNIVERSITY OF TECHNOLOGY;Patrocinador Patrocinador;
0000228958;23;2;Corona current and space charge during a thunderstorm;3;2012 International Conference on Lightning protection ICLP;;Vienna;2012;Internacional;;;;DAVID FERNANDO ARIZA GONZALEZ FRANCISCO JOSE ROMAN CAMPOS FRANCISCO SANTAMARIA PIEDRAHITA OSCAR FERNANDO ESCOBAR ALVARADO OSCAR RICARDO MONTERO TOVAR;Ponente Ponente Ponente Ponente Ponente;;;;;;LA SOCIEDAD OPERADORA DE AEROPUERTOS CENTRO NORTE S A VIENNA UNIVERSITY OF TECHNOLOGY;Patrocinador Patrocinador;
0000228958;24;2;Electric field sensors effect on pulsed power measurements;3;2013 13th IEEE Pulsed Power Conference PPC;;Tlaxcala   San Francisco CA USA;2013;Internacional;;;;FRANCISCO JOSE ROMAN CAMPOS FRANCISCO SANTAMARIA PIEDRAHITA;Ponente Ponente;;;;;;UNIVERSIDAD NACIONAL DE COLOMBIA SEDE BOGOTA;Patrocinador;
0000228958;25;2;Spark gap resistance for an electrostatic discharge at different pressures;3;2008 IEEE 35th International Conference on Plasma Science;;Karlstadt   Karlsruhe Alemania;2008;Internacional;;;;FRANCISCO JOSE ROMAN CAMPOS OSCAR JAVIER DIAZ CARDENAS;Ponente Ponente;;;;;;UNIVERSIDAD NACIONAL DE COLOMBIA SEDE BOGOTA;Patrocinador;
0000228958;26;2;Study of a sensor for measurements of high amplitudeFast rise time currents in a coaxial cable;6;2007 15th International Symposium on high Voltage Engineering ISH;;IBAGU   Ljubljana Slovenia;2007;Internacional;;;;FRANCISCO JOSE ROMAN CAMPOS;Ponente;;;;;;LA SOCIEDAD OPERADORA DE AEROPUERTOS CENTRO NORTE S A;Patrocinador;
0000228958;27;2;Theorical and experimental behavior of corona needles sources;6;2007 15th International Symposium on high Voltage Engineering ISH;;IBAGU   Ljubljana Slovenia;2007;Internacional;;;;FRANCISCO JOSE ROMAN CAMPOS;Ponente;;;;;;LA SOCIEDAD OPERADORA DE AEROPUERTOS CENTRO NORTE S A;Patrocinador;
0000228958;28;2;Voltage  Current characteristics of semiconductor glazes obtained with a high impedance current source;6;2007 15th International Symposium on high Voltage Engineering ISH;;IBAGU   Ljubljana Slovenia;2007;Internacional;;;;FRANCISCO JOSE ROMAN CAMPOS;Ponente;;;;;;LA SOCIEDAD OPERADORA DE AEROPUERTOS CENTRO NORTE S A;Patrocinador;
0000228958;29;2;Corona current generation on a coaxial configuration with low potentials;6;2007 15th International Symposium on high Voltage Engineering ISH;;IBAGU   Ljubljana Slovenia;2007;Internacional;;;;FRANCISCO JOSE ROMAN CAMPOS;Ponente;;;;;;LA SOCIEDAD OPERADORA DE AEROPUERTOS CENTRO NORTE S A;Patrocinador;
0000228958;30;2;Breakdown effect on long gaps under switching impulses statiscal variation;1;2008 29th International Conference on Lightning Protection ICLP;;Upsala   Upsala Suecia;2008;Internacional;;;;FRANCISCO JOSE ROMAN CAMPOS;Ponente;;;;;;LA SOCIEDAD OPERADORA DE AEROPUERTOS CENTRO NORTE S A UPSALA UNIVERSITY;Patrocinador Patrocinador;
0000228958;31;2;Behaviour of the shoetoearth contact under lightning like current impulses;1;2008 29th International Conference on Lightning Protection ICLP;;Upsala   Upsala Suecia;2008;Internacional;;;;FRANCISCO JOSE ROMAN CAMPOS;Ponente;;;;;;LA SOCIEDAD OPERADORA DE AEROPUERTOS CENTRO NORTE S A UPSALA UNIVERSITY;Patrocinador Patrocinador;
0000228958;32;2;Lightning attachment to common structures is the rolling sphere method really adequate;1;2008 29th International Conference on Lightning Protection ICLP;;Upsala   Upsala Suecia;2008;Internacional;;;;FRANCISCO JOSE ROMAN CAMPOS;Ponente;;;;;;LA SOCIEDAD OPERADORA DE AEROPUERTOS CENTRO NORTE S A UPSALA UNIVERSITY;Patrocinador Patrocinador;
0000228958;33;2;Behaviour of the shoetoearth contact under lightning like current impulses;1;29th International Conference on Lightning Protection;;IBAGU;;;;;;FRANCISCO JOSE ROMAN CAMPOS;Ponente;;;;;;UNIVERSIDAD NACIONAL DE COLOMBIA SEDE BOGOTA;Patrocinador;
0000228958;34;2;Lightning attachment to common structures is the rolling sphere method really adequate;1;29th International Conference on Lightning Protection;;IBAGU;;;;;;FRANCISCO JOSE ROMAN CAMPOS;Ponente;;;;;;UNIVERSIDAD NACIONAL DE COLOMBIA SEDE BOGOTA;Patrocinador;
0000228958;35;2;Radiating Broad Band pulse generator with Corona charging mechanism;3;European electromagnetics EUROEM 2008;;Lausanne   Lausanne Suiza;2008;Internacional;;;;FRANCISCO JOSE ROMAN CAMPOS;Ponente;;;;;;LA SOCIEDAD OPERADORA DE AEROPUERTOS CENTRO NORTE S A SWISS FEDERAL INSTITUTE FOR ENVIRONMENTAL SCIENCE AND TECHNOLOGY;Patrocinador Patrocinador;
0000228958;36;2;Investigation on the transmisión of a DC current through a space gap;3;European electromagnetics EUROEM 2008;;Lausanne   Lausanne Suiza;2008;Internacional;;;;FRANCISCO JOSE ROMAN CAMPOS;Ponente;;;;;;LA SOCIEDAD OPERADORA DE AEROPUERTOS CENTRO NORTE S A SWISS FEDERAL INSTITUTE FOR ENVIRONMENTAL SCIENCE AND TECHNOLOGY;Patrocinador Patrocinador;
0000228958;37;2;Corona Charged Subnanosecond Impulse Generator;6;The 20th International Zurich Symposium on Electromagnetic Compatibility;;BOGOT DC;;;;;;FRANCISCO JOSE ROMAN CAMPOS;Ponente;;;;;;UNIVERSIDAD NACIONAL DE COLOMBIA SEDE BOGOTA;Patrocinador;
0000228958;38;2;Design and Construction of a Compact Electrostatic Fast Impulse Current Generator;1;2005 IEEE Pulsed Power Conference;;BOGOT DC;;;;;;FRANCISCO JOSE ROMAN CAMPOS;Asistente;;;;;;;;
0000228958;39;2;Design and Simulation of an Electromagnetic Lens for a Half Impulse Radiating Antenna;3;2009 International Conference on Electromagnetics in Advanced Applications ICEAA 09;;Torino   Torino Italia;2009;Internacional;;;;FRANCISCO JOSE ROMAN CAMPOS;Ponente;;;;;;LA SOCIEDAD OPERADORA DE AEROPUERTOS CENTRO NORTE S A CENTRO CONGRESSI TORINO INCONTRA;Patrocinador Patrocinador;
0000228958;40;2;Design and Construction of a Corona Charged High Power Impulse Generator;3;2009 Pulsed Power Conference PPC 09;;Washington DC   Washington DC USA;2010;Internacional;;;;FRANCISCO JOSE ROMAN CAMPOS;Ponente;;;;;;LA SOCIEDAD OPERADORA DE AEROPUERTOS CENTRO NORTE S A;Patrocinador;
0000228958;41;2;Corona Charged subnanosecond impulse generator;6;2009 20th International Zurich Symposium on Electromagnetic Compatibility;;Zrich   Zurich Switzerland;2010;Internacional;;;;FRANCISCO JOSE ROMAN CAMPOS;Ponente magistral;;;;;;LA SOCIEDAD OPERADORA DE AEROPUERTOS CENTRO NORTE S A SERVICIO SISMOLOGICO SUIZO ETH;Patrocinador Patrocinador;
0000228958;42;2;Comparison of The Breakdown Voltage of Two Insulating Columns Using The Simple Stress Method;6;VI International Symposium on Lightning Protection VI Sipda Santos Brazil 19  23 Nov 323  328;;Santos Brasil;;;;;;FRANCISCO JOSE ROMAN CAMPOS;Asistente;;;;;;;;
0000228958;43;2;Comparación de la tensión disruptiva de dos columnas aislantes utilizando el método del esfuerzo simple;1;ALTAE V jornadas latinoamericans y II iberoamericanas en Alta Tensión y Aislamiento eléctrico;;La Habana;;;;;;FRANCISCO JOSE ROMAN CAMPOS;Asistente;;;;;;;;
0000228958;44;2;Caracterización de los varistores mediante una fuente de corriente de muy alta impedancia;1;ALTAE V jornadas latinoamericans y II iberoamericanas en Alta Tensión y Aislamiento eléctrico;;La Habana;;;;;;FRANCISCO JOSE ROMAN CAMPOS;Asistente;;;;;;;;
0000228958;45;2;Degradación de descargadores de sobretensión de óxido de metálico tipo distribución Estudio de caso Vereda el trigo Cundinamarca Colombia;1;ALTAE V jornadas latinoamericans y II iberoamericanas en Alta Tensión y Aislamiento eléctrico;;La Habana;;;;;;FRANCISCO JOSE ROMAN CAMPOS;Asistente;;;;;;;;
0000228958;46;2;Análisis de Sobretensiones y Energía Disipada en los Descargadores de Sobretensión en una Línea de Prueba Debido a Voltajes Inducidos por Descargas Subsecuentes del Rayo;1;ALTAE V jornadas latinoamericans y II iberoamericanas en Alta Tensión y Aislamiento eléctrico;;La Habana;;;;;;FRANCISCO JOSE ROMAN CAMPOS;Asistente;;;;;;;;
0000228958;47;2;Análisis Estadístico de Señales Inducidas por Descargas Subsecuentes del Rayo en una Línea de Prueba ubicada en La Palma Cundinamarca Colombia;1;ALTAE V jornadas latinoamericans y II iberoamericanas en Alta Tensión y Aislamiento eléctrico;;La Habana;;;;;;FRANCISCO JOSE ROMAN CAMPOS;Asistente;;;;;;;;
0000228958;48;2;Determinación del Voltaje Representativo en el Método del Esfuerzo Simple;1;ALTAE IV jornadas latinoamericans y I iberoamericanas en Alta Tensión y Aislamiento eléctrico;;MEDELLN;;;;;;FRANCISCO JOSE ROMAN CAMPOS;Asistente;;;;;;;;
0000228958;49;2;Medición y Reglamentación sobre Exposición a los Campos Eléctricos y Magnéticos de Extra Baja Frecuencia en Subestaciones Eléctricas Colombianas;1;ALTAE IV jornadas latinoamericans y I iberoamericanas en Alta Tensión y Aislamiento eléctrico;;MEDELLN;;;;;;FRANCISCO JOSE ROMAN CAMPOS;Asistente;;;;;;;;
0000228958;50;2;Modelamiento en AtpModels de Varistores y Tubos de Gas como Elementos de Protección en Baja Tensión;1;ALTAE IV jornadas latinoamericans y I iberoamericanas en Alta Tensión y Aislamiento eléctrico;;MEDELLN;;;;;;FRANCISCO JOSE ROMAN CAMPOS;Asistente;;;;;;;;
0000228958;51;2;Ecuación para Corrección de la Disrupción del Aire en Bogotá con Condiciones Controladas de Temperatura y Humedad para Ondas Tipo Maniobra en un Arreglo PuntaPlaca;1;ALTAE IV jornadas latinoamericans y I iberoamericanas en Alta Tensión y Aislamiento eléctrico;;MEDELLN;;;;;;FRANCISCO JOSE ROMAN CAMPOS;Asistente;;;;;;;;
0000228958;52;2;Breakdown characteristics of 500 mm and 250 mm long sparks over insulating surfaces;6; Eleventh International Symposium on HighVoltage Engineering ISH 99;;London UK;;;;;;FRANCISCO JOSE ROMAN CAMPOS;Asistente;;;;;;;;
0000228958;53;2;Las Fallas de los transformadores de distribucion un estudio de casos y Controles;6;Simposio Nacional CIDET;;BOGOT DC;;;;;;FRANCISCO JOSE ROMAN CAMPOS;Asistente;;;;;;;;
0000228958;54;2;The single stress method to Study the Physical Properties of Discharge Procfesses in Air;6;10th International Simposium on High Voltage Engineering ISH 97;;Montreal;;;;;;FRANCISCO JOSE ROMAN CAMPOS;Asistente;;;;;;;;
0000228958;55;2;The Principle of Operation of a single Electrostatic field Measuring Device;1;the 8th International Conference on Electrostatics;;Poiters;;;;;;FRANCISCO JOSE ROMAN CAMPOS;Asistente;;;;;;;;
0000228958;56;2;Comparison of the Breakdown Probability of two sphererod gaps one conventional and the other with a floating electrode;1;23rd International Conference on Lightning Protection ICLP96;;Firenze;;;;;;FRANCISCO JOSE ROMAN CAMPOS;Asistente;;;;;;;;
0000228958;57;2;Breakdown Characteristics of RodtoPlane Arrangements with Floating Electrodes on the High Voltage Side;6;Nordic Insulation Symposium NORDIS 96 Bergen 1012 1996 pages 355362;;Bergen;;;;;;FRANCISCO JOSE ROMAN CAMPOS;Asistente;;;;;;;;
0000228958;58;2;Electrocardiographic Alterations in Subjects Chronically Exposed to Nonionizing HighIntensity Electromagnetic Fields Radiovetenskap och Kommunikation 96 RVK 96;4;Annual meeting URSI;;Lille;;;;;;FRANCISCO JOSE ROMAN CAMPOS;Asistente;;;;;;;;
0000228958;59;2;The corona onset voltage as a function of the curvature radius of floating electrodes;1;XI International Conference on Gas Discharges and their Applications GD95;;Tokyo;;;;;;FRANCISCO JOSE ROMAN CAMPOS;Asistente;;;;;;;;
0000228958;60;2;The influence of a series microgap on the breakdown voltage of a complex gap arrangement containing floating electrodes FE;6;The 9th International Symposium on High Voltage Engineering ISH;;Graz;;;;;;FRANCISCO JOSE ROMAN CAMPOS;Asistente;;;;;;;;
0000228958;61;2;Electrical characteristics of insulated metallic bodies in a lightning breakdown field;1;22rd International Conference on Lightning Protection ICLP94;;Budapest;;;;;;FRANCISCO JOSE ROMAN CAMPOS;Asistente;;;;;;;;
0000228958;62;2;A new montecarlo method to simulate electrical discharge in gasesin nonuniform field;1;2002 Annual Report Conference on Electrical Insulation and Dielectric Phenomena;;Cancun Quintana Roo México;;;;;;FRANCISCO JOSE ROMAN CAMPOS;Asistente;;;;;;;;
0000228958;63;2;Obtaining the electrical parameters of the predischarge in air by using digitized voltage waveforms;1;2002 Annual Report Conference on Electrical Insulation and Dielectric Phenomena;;Cancun Quintana Roo México;;;;;;FRANCISCO JOSE ROMAN CAMPOS;Asistente;;;;;;;;
0000228958;64;2;Experimental Study of conventional metalOxide distribution surge arresters with an intentionally connected series gap;6;International Symposium on High Voltage Engineering;;Delf Netherlands 2003;;;;;;FRANCISCO JOSE ROMAN CAMPOS;Asistente;;;;;;;;
0000228958;65;2;A new method to obtain the degradation of surge arresters using an Extra High Impedance DC Current Source;6;XIIIth International Symposium on high Voltage Engineering;;Delf;;;;;;FRANCISCO JOSE ROMAN CAMPOS;Asistente;;;;;;;;
0000228958;66;2;Calculation of corona onset voltages using a microscopic Monte Carlo simulation method;6;XIIIth International Symposium on high Voltage Engineering;;Delf;;;;;;FRANCISCO JOSE ROMAN CAMPOS;Asistente;;;;;;;;
0000228958;67;2;Response of Low Voltage Protective Devices under subsequent strokelike impulse currents;6;XIIIth International Symposium on high Voltage Engineering;;Delf;;;;;;FRANCISCO JOSE ROMAN CAMPOS;Asistente;;;;;;;;
0000228958;68;2;Varistor Response under Subsequent StrokeLike impulse currents;6;XIIIth International Symposium on high Voltage Engineering;;Delf;;;;;;FRANCISCO JOSE ROMAN CAMPOS;Asistente;;;;;;;;
0000228958;69;2;Calculation of the Corona onset using a macroscopic Monte Carlo simulation method;6;XIIIth International Symposium on high Voltage Engineering;;Delf;;;;;;FRANCISCO JOSE ROMAN CAMPOS;Asistente;;;;;;;;
0000228958;70;2;Adding negative Corona Currents produced by independent electrodes in a Cylindrical Coaxial Configuration;6;XIIIth International Symposium on high Voltage Engineering;;Delf;;;;;;FRANCISCO JOSE ROMAN CAMPOS;Asistente;;;;;;;;
0000228958;71;2;Experimental study of conventional metal  oxide distribution surge arresters with an intentionally connected series gap;6;XIIIth International Symposium on high Voltage Engineering;;Delf;;;;;;FRANCISCO JOSE ROMAN CAMPOS;Asistente;;;;;;;;
0000228958;72;2;Influence of humidity on the breakdown voltage of a spheresphere gap at the 2 600 M OSL;6;XIIIth International Symposium on high Voltage Engineering;;Delf;;;;;;FRANCISCO JOSE ROMAN CAMPOS;Asistente;;;;;;;;
0000228958;73;2;Influence of humidity on the breakdown voltage of a sphere  sphere gap at 2600 m osl;5;International Seminar on High Voltage Engineering;;Delf Holanda;;;;;;FRANCISCO JOSE ROMAN CAMPOS;Asistente;;;;;;;;
0000228958;74;2;Digital Parameter Identification for MetalOxide Surge Arrester Models;6;VII SIPDA VII international Symposium on Lightning Discharges;;Curitiva Brasil;;;;;;FRANCISCO JOSE ROMAN CAMPOS;Asistente;;;;;;;;
0000228958;75;2;Distribution surge arresters damages on Colombian 15kV networks Study case Electrical Company CODENSA SA ESP;6;VII SPIDA International Symposium on Lightning Discharges;;Curitiva;;;;;;FRANCISCO JOSE ROMAN CAMPOS;Asistente;;;;;;;;
0000228958;76;2;Teoría de las descargas eléctricas en gases;1;Curso de Actualización en Alta Tensión;;BOGOT DC;;;;;;FRANCISCO JOSE ROMAN CAMPOS;Asistente;;;;;;;;
0000228958;77;2;Medidas de Alta Tensión;1;Curso de Actualización en Alta Tensión;;BOGOT DC;;;;;;FRANCISCO JOSE ROMAN CAMPOS;Asistente;;;;;;;;
0000228958;78;2;Medidas y Pruebas en Alta Tensión;1;Curso de Actualización en Alta Tensión;;BOGOT DC;;;;;;FRANCISCO JOSE ROMAN CAMPOS;Asistente;;;;;;;;
0000228958;79;2;Investigaciones Básicas para el prediseño de un Laboratorio de Alta Tensión con fines hacia la Docencia la Industria y la Investigación;1;I Jornada sobre Transmisión y Distribución de Energía Eléctrica ACIEM;;BOGOT DC;;;;;;FRANCISCO JOSE ROMAN CAMPOS;Asistente;;;;;;;;
0000228958;80;2;The Frist Lightning Measurement in the Field in Colombia;1;International Conference on Lightning Protection;;Berlín;;;;;;FRANCISCO JOSE ROMAN CAMPOS;Asistente;;;;;;;;
0000228958;81;2;Distribution Transfromers Failures and Lightning Activity in Colombia;1;International Conference on Lightning Protection;;Berlín;;;;;;FRANCISCO JOSE ROMAN CAMPOS;Asistente;;;;;;;;
0000228958;82;2;Numerical simulation of negative corona in a coaxial cylindrical arrangement;6;ISH 2005  International symposium on high voltage engineering;;Beijing China;;;;;;FRANCISCO JOSE ROMAN CAMPOS;Asistente;;;;;;;;
0000228958;83;2;Numerical Simulation of the Positive Corona Current Behavior;6;ISH 2005  International symposium on high voltage engineering;;Beijing China;;;;;;FRANCISCO JOSE ROMAN CAMPOS;Asistente;;;;;;;;
0000228958;84;2;Corona impulse current produced by hyperboloidical tips in a coaxial cylindrical setup;6;International Symposium on High Voltage Engineering 2005 Beijing;;Beijing China;;;;;;FRANCISCO JOSE ROMAN CAMPOS;Asistente;;;;;;;;
0000228958;85;2;Charging rechargeable cells using a high impedance current source;6;International Symposium on High Voltage Engineering 2005;;Beijing China;;;;;;FRANCISCO JOSE ROMAN CAMPOS;Asistente;;;;;;;;
0000228958;86;2;Numerical Simulation of Negative Corona in a Coaxial Cylindrical Arrangement;6;XIVth International Symposium on High Voltage Engineering;;Beijing;;;;;;FRANCISCO JOSE ROMAN CAMPOS;Asistente;;;;;;;;
0000228958;87;2;Numerical Simulation of the Positive Corona Current Behavior;6;XIVth International Symposium on High Voltage Engineering;;Beijing;;;;;;FRANCISCO JOSE ROMAN CAMPOS;Asistente;;;;;;;;
0000228958;88;2;Corona Impulse Current Produced by Hyperboloidical Tips in a Coaxial Cylindrical Setup;6;XIVth International Symposium on High Voltage Engineering;;Beijing;;;;;;FRANCISCO JOSE ROMAN CAMPOS;Asistente;;;;;;;;
0000228958;89;2;Corona Points Discharge Current Measurement on Atmospheric Electric Field;6;XIVth International Symposium on High Voltage Engineering;;Beijing;;;;;;FRANCISCO JOSE ROMAN CAMPOS;Asistente;;;;;;;;
0000228958;90;2;Electric Field Detector for Human Protection;6;XIVth International Symposium on High Voltage Engineering;;Beijing;;;;;;FRANCISCO JOSE ROMAN CAMPOS;Asistente;;;;;;;;
0000228958;91;2;A New fast Impulse Current Generator Based on the Floating Electrodes Properties;6;XIVth International Symposium on High Voltage Engineering;;Beijing;;;;;;FRANCISCO JOSE ROMAN CAMPOS;Asistente;;;;;;;;
0000228958;92;0;;3;Congreso Internacional de Seguridad Electrica;;BOGOT DC   Auditorio Alfonso López Pumarejo Universidad Nacional de Colombia;2008;Nacional;;;;FRANCISCO JOSE ROMAN CAMPOS;Organizador;;;;;;UNIVERSIDAD NACIONAL DE COLOMBIA SEDE BOGOTA;Patrocinador;
0000228958;93;0;;5;HPE High Power Electromagnetics;;Chateau dOex   Chateau dOex Suiza;2009;Internacional;;;;FRANCISCO JOSE ROMAN CAMPOS;Organizador;;;;;;SUMMA FUNDATION EDUCATION COMMITTEE;Patrocinador;
0000228958;94;0;;6;International Symposium on Electric Power Engineering Stockholm Power Tech;;Estocolmo   Universidad Técnica de Estocolmo;1995;Nacional;;;;FRANCISCO JOSE ROMAN CAMPOS;Organizador;;;;;;UNIVERSIDAD DE ESTOCOLMO;Patrocinador;
0000228958;95;0;;6;10th International Simposium on High Voltage Engineering ISH 97 August 2529;;Montreal   Universidad de Montreal;1997;Nacional;;;;FRANCISCO JOSE ROMAN CAMPOS;Organizador;;;;;;UNIVERSIDAD DE MONTREAL;Patrocinador;
0000228958;96;0;;3;1996 Reunión mundial de la URSI en Lille Francia URSI 96;;Lille Francia   Universiad de Lille;1996;Nacional;;;;FRANCISCO JOSE ROMAN CAMPOS;Organizador;;;;;;URSI;Patrocinador;
0000228958;97;0;;5;1994 International Conference on Lightning Protection 22nd ICLP Budapest Hungary September 1923;;Budapest Hungría   Universidad;1994;Nacional;;;;FRANCISCO JOSE ROMAN CAMPOS;Organizador;;;;;;UNIVERSIDAD;Patrocinador;
0000228958;98;0;;3;V International Symposium on Lightning Protection V SIPDA;;Sao PAulo Brasil   Sao Paulo Brasil;1999;Nacional;;;;FRANCISCO JOSE ROMAN CAMPOS;Organizador;;;;;;UNIVERSIDAD DE SAO PAULO;Patrocinador;
0000228958;99;0;;1;Concurso de Ciencias Exactas Físicas y Naturales;;BOGOT DC   Fundación Alejandro Angel Escobar;2004;Nacional;;;;FRANCISCO JOSE ROMAN CAMPOS;Organizador;;;;;;FUNDACION ALEJANDRO ANGEL ESCOBAR;Patrocinador;
0000228958;100;0;;1;Premio México de Ciencia y Tecnología;;México   México;2004;Nacional;;;;FRANCISCO JOSE ROMAN CAMPOS;Organizador;;;;;;PRESIDENCIA DE LA REPUBLICA;Patrocinador;
0000228958;101;0;;3;ICLP2004 International Conference on Lightning Protection;;Avinon   Palais des Papes;2004;Nacional;;;;FRANCISCO JOSE ROMAN CAMPOS;Organizador;;;;;;SOCIETE DE L ELECTRICITE DE L ELECTRONIQUE ET DES TECHNOLOGIES DE L INFORMATION ET DE LA COMMUNICATION SEE CENTRE DE GENIE ELECTRIQUE DE LYON;Patrocinador;
0000228958;102;0;;6;1996 Radiovetenskap och Kommunikation 96 RVK 96Lule and Kiruna Suecia;;Kiruna Lulea Suecia   Universidad de Lulea;1996;Nacional;;;;FRANCISCO JOSE ROMAN CAMPOS;Organizador;;;;;;UNIVERSIDAD DE LULEA;Patrocinador;
0000228958;103;0;;6;International Symposium on High Voltage Engineering 9th ISH Graz University of Technology;;Graz Austria   Universidad de Graz;1995;Nacional;;;;FRANCISCO JOSE ROMAN CAMPOS;Organizador;;;;;;UNIVERSIDAD DE GRAZ;Patrocinador;
0000228958;104;2;Energy Absorption on Distribution Lightning Arresters Due to Induced Lightning Currents on an Colombian Experimental Line;6;VI International Symposium on Lightning Protection VI Sipda;;Santos Brasil   Sao Paulo Brasil;;Nacional;;;;FRANCISCO JOSE ROMAN CAMPOS;Organizador;;;;;;UNIVERSIDAD DE SAO PAULO;Patrocinador;
0000228958;105;0;;6;Nordic Insulation Symposium NORDIS 96;;Bergen Noruega;1996;Nacional;;;;FRANCISCO JOSE ROMAN CAMPOS;Organizador;;;;;;;;
0000228958;106;0;;5;Seminario sobre Protección Integral contra Sobretensiones Eléctricas;;BOGOT DC   Hotel WindsorPlaza;1988;Nacional;;;;FRANCISCO JOSE ROMAN CAMPOS;Organizador;;;;;;ASESEL SENA ITEC;Patrocinador;
0000228958;107;0;;6;1997 Simposio Nacional del CIDET;;BOGOT DC   Bogotá;1997;Nacional;;;;FRANCISCO JOSE ROMAN CAMPOS;Organizador;;;;;;CORPORACION CENTRO DE INNOVACION Y DESARROLLO TECNOLOGICO DEL SECTOR ELECTRICO CIDET;Patrocinador;
0000228958;108;8;Susceptibility of electroexplosive devices to microwave interference;0;;;India;2013;;;;;FRANCISCO JOSE ROMAN CAMPOS JOSE FELIX VEGA STAVRO NESTOR PENA NESTOR MISAEL PENA TRASLAVINA FARHAD RACHIDI JOHN JAIRO PANTOJA ACOSTA;;;63;;1014429dsj632434;;;
0000228958;109;8;The Electromagnetic Compatibility Research Group research questions;0;;;Colombia;2010;;;;;FRANCISCO JOSE ROMAN CAMPOS;;Universidad Nacional de Colombia;30;;;;;
0000228958;110;8;Uso de la Transformada de Ondeletas Wavelet Transform en la Reducción de Ruidos en las Señales de Campo Eléctrico producidas por Rayos;0;;;Chile;2012;;;;;FRANCISCO JOSE ROMAN CAMPOS;;Centro De Informacion Tecnologica Cit;23;;104067S071807642012000100008;;;
0000228958;111;8;Design and Performance Analysis of a Subnanosecond Pulse Generator;0;;;Estados Unidos;2014;;;;;FRANCISCO JOSE ROMAN CAMPOS FRANCISCO SANTAMARIA PIEDRAHITA;;Institute of Electrical and Electronics Engineers;42;;101109TPS20142302913;;;
0000228958;112;8;Comportamiento de la impedancia de aterrizamiento de una víctima humana impactada por un rayo;0;;;Colombia;2008;;;;;FRANCISCO JOSE ROMAN CAMPOS;;Fondo Editorial Universidad Distrital;12;;;;;
0000228958;113;8;Characterization Modeling and Statistical Analysis of the Electromagnetic Response of Inert Improvised Explosive Devices;0;;;Estados Unidos;2014;;;;;FRANCISCO JOSE ROMAN CAMPOS NESTOR MISAEL PENA TRASLAVINA JOSE FELIX VEGA STAVRO JOHN JAIRO PANTOJA ACOSTA;;;56;;101109TEMC20132284964;;;
0000228958;114;8;Behavior of lowvoltage surge protective devices under highcurrent derivative impulses;0;;;Estados Unidos;2007;;;;;FRANCISCO JOSE ROMAN CAMPOS;;Institute of Electrical and Electronics Engineers;22;;101109TPWRD2007905272;;;
0000228958;115;8;A Monte Carlo method to simulate electrical discharge in gases in nonuniform field;0;;;México;2002;;;;;FRANCISCO JOSE ROMAN CAMPOS MARLEY BECERRA GARCIA;;;1;;;;;
0000228958;116;8;Soluciones al daño de transformadores en la zona de samaná Caldas;0;;;Colombia;2004;;;;;FRANCISCO JOSE ROMAN CAMPOS LIBARDO ACER EDGAR MUNOZ;;Universidad del Valle;18;;;;;
0000228958;117;8;Die Berechnung Elektrostatischer Felder mit NASTRAN;0;;;Alemania;1982;;;;;FRANCISCO JOSE ROMAN CAMPOS;;;;;;;;
0000228958;118;8;Discharge geometry behavior in positive corona current simulation in a non  uniform coaxial arrangament;0;;;Grecia;2005;;;;;LILIANA PATRICIA AREVALO GONZALEZ MARLEY BECERRA GARCIA FRANCISCO JOSE ROMAN CAMPOS LILIANA PATRICIA AREVALO GONZALEZ MARLEY BECERRA GARCIA;;;2;;10114977973;;;
0000228958;119;8;Discharge geometry behavior in negative corona at atmospheric pressure on a cylindrical arrangement;0;;;Grecia;2005;;;;;LILIANA PATRICIA AREVALO GONZALEZ MARLEY BECERRA GARCIA FRANCISCO JOSE ROMAN CAMPOS MARLEY BECERRA GARCIA LILIANA PATRICIA AREVALO GONZALEZ;;;2;;10114948444;;;
0000228958;120;8;Informe sobre un Accidente causado por un Rayo en un Campo de Futbol Hille Gvle Suecia el 29 de Julio de 1994;0;;;Colombia;2000;;;;;FRANCISCO JOSE ROMAN CAMPOS ERK LOTBERG;;Orvisa Comunicaciones;14;;;;;
0000228958;121;8;A New Extra High Impedance Current Source ETHICS;0;;;Colombia;2001;;;;;FRANCISCO JOSE ROMAN CAMPOS;;Orvisa Comunicaciones;15;;;;;
0000228958;122;8;Sobretensiones Debidas a la Inductancia Serie Formada por los Conductores de Conexión de los Descargadores de Sobretensión Análisis y Solución;0;;;Colombia;2001;;;;;FRANCISCO JOSE ROMAN CAMPOS JAIME CARRASCO CESAR RAMIREZ JAIRO ARIAS;;Orvisa Comunicaciones;15;;;;;
0000228958;123;8;A SelfCharging Mechanism of a Floating Electrode Based on Corona Discharges;0;;;Colombia;2001;;;;;FRANCISCO JOSE ROMAN CAMPOS;;Orvisa Comunicaciones;15;;;;;
0000228958;124;8;Medición y Reglamentación sobre Exposición a los Campos Eléctricos y Magnéticos de Extra Baja Frecuencia en subestaciones eléctricas Colombianas;0;;;Colombia;2001;;;;;FRANCISCO JOSE ROMAN CAMPOS SOCADAGUI JORGE LEONARDO RINCON;;Orvisa Comunicaciones;15;;;;;
0000228958;125;8;Comparación de la Tensión Disruptiva de Dos Columnas Aislantes Utilizando el Método de los Esfuerzos Múltiples;0;;;Colombia;2000;;;;;FRANCISCO JOSE ROMAN CAMPOS;;Orvisa Comunicaciones;14;;;;;
0000228958;126;8;Caracterización de la Predescarga Eléctrica en el Aire;0;;;Colombia;2000;;;;;FRANCISCO JOSE ROMAN CAMPOS CARLOS SANCHEZ  F VARGAS;;Orvisa Comunicaciones;14;;;;;
0000228958;127;8;Ejemplo de Compatibilidad Electromagnética y las Normas de la IEC para la Protección contra Rayos;0;;;Colombia;2000;;;;;FRANCISCO JOSE ROMAN CAMPOS;;Orvisa Comunicaciones;14;;;;;
0000228958;128;8;Modificación del Modelo del Descargador de Sobretensiones de ZNO para Ondas Tipo Paso Frontal Utilizando el Programa ATPEMTP;0;;;Colombia;1999;;;;;JAIRO ARIAS SANTIAGO BERNAL FRANCISCO JOSE ROMAN CAMPOS;;;13;;;;;
0000228958;129;8;Estudio de la Disrupción del Aire en Bogotá;0;;;Colombia;1999;;;;;FRANCISCO JOSE ROMAN CAMPOS BOGOYA C CORTES F;;Orvisa Comunicaciones;13;;;;;
0000228958;130;8;Desarrollo de un Generador de Impulsos de Corriente con Electrodos Flotantes;0;;;Colombia;1999;;;;;VELASQUEZ F FRANCISCO JOSE ROMAN CAMPOS;;Orvisa Comunicaciones;13;;;;;
0000228958;131;8;Una Patente en Ingeniería Medidor de Umbral de Campo Eléctrico basado en las Propiedades de los Electrodos Flotantes;0;;;Colombia;1999;;;;;FRANCISCO JOSE ROMAN CAMPOS;;Orvisa Comunicaciones;13;;;;;
0000228958;132;8;Single Stress Method Método del Esfuerzo Simple para el Estudio Probabilístico de las Descargas Eléctricas en el Aire;0;;;Colombia;1999;;;;;FRANCISCO JOSE ROMAN CAMPOS BECERRA H VASQUEZ E ARENAS A;;Orvisa Comunicaciones;13;;;;;
0000228958;133;8;A Comparative Study of Corona Discharges in a Coaxial Cylinder Using Electric Field Impulses Generated by Electrically Floating Electrodes;0;;;Países Bajos;1999;;;;;FRANCISCO JOSE ROMAN CAMPOS VERNON COORAY SCOUKA VIKTOR;;;47;;;;;
0000228958;134;8;Increase in the visual Corona From Floating Electrodes;0;;;Países Bajos;1999;;;;;FRANCISCO JOSE ROMAN CAMPOS VERNON COORAY SCOUKA VIKTOR;;;47;;;;;
0000228958;135;8;Simulación de Vartistores y Tubos de Gas aplicando Models;0;;;Colombia;1998;;;;;RAMIREZ C RODRIGUEZ F BORBON F FRANCISCO JOSE ROMAN CAMPOS;;Orvisa Comunicaciones;12;;;;;
0000228958;136;8;Cálculo de la Resistencia del Canal y de la tensión disruptiva de una descarga electrostática tipo streamer con energía limitada;0;;;Colombia;1998;;;;;RODRIGUEZ MARIO OSPINA ALEJANDRO FRANCISCO JOSE ROMAN CAMPOS;;Orvisa Comunicaciones;12;;;;;
0000228958;137;9;Effects of Electric Field Impulses Produced by Electrically Floating Electrodes on the Corona Space Charge Generation and on the Breakdown Voltage of Complex Gaps;0;;;Colombia;1998;;;;;FRANCISCO JOSE ROMAN CAMPOS;;Orvisa Comunicaciones;12;;;;;
0000228958;138;8;Comparison of the breakdown probability of Rodplane Gaps with Floating Electrode;0;;;Estados Unidos;1998;;;;;FRANCISCO JOSE ROMAN CAMPOS VERNON COORAY SCOUKA VIKTOR;;;5;;;;;
0000228958;139;8;The Principle of Operation of a single Electrostatic field Measuring Device on the Properties of Floating Electrodes;0;;;Países Bajos;1998;;;;;FRANCISCO JOSE ROMAN CAMPOS VERNON COORAY SCOUKA VIKTOR;;;40;;;;;
0000228958;140;8;Corona from Floating Electrodes;0;;;Países Bajos;1996;;;;;FRANCISCO JOSE ROMAN CAMPOS VERNON COORAY SCOUKA VIKTOR;;;37;;;;;
0000228958;141;8;Corriente Corona para electrodos en un arreglo de Cilindros Coaxiales;0;;;Colombia;2003;;;;;FRANCISCO JOSE ROMAN CAMPOS LILIANA PATRICIA AREVALO GONZALEZ OSCAR JAVIER DIAZ CARDENAS;;Orvisa Comunicaciones;17;;;;;
0000228958;142;8;Numerical Simulations of the Corona Current development;0;;;Brasil;2005;;;;;MARLEY BECERRA GARCIA FRANCISCO JOSE ROMAN CAMPOS LILIANA PATRICIA AREVALO GONZALEZ;;Institute Of Electrotechnics And Energy Of The University Of Sao Paulo;1;;;;;
0000228958;143;8;Mechanisms and Effects of Lightning Current Coupling to Structures;0;;;Colombia;1999;;;;;FRANCISCO JOSE ROMAN CAMPOS;;Orvisa Comunicaciones;13;;;;;
0000228958;144;8;Design Realization and Experimental Test of a Coaxial Exponential Transmission Line Adaptor for a HalfImpulse Radiating Antenna;0;;;Estados Unidos;2013;;;;;FRANCISCO JOSE ROMAN CAMPOS;;Institute of Electrical and Electronics Engineers;41;;101109TPS20122230340;;;
0000228958;145;8;On the Electromagnetic Susceptibility of Hot WireBased Electroexplosive Devices to RF Sources;0;;;Estados Unidos;2013;;;;;FRANCISCO JOSE ROMAN CAMPOS;;;55;;101109TEMC20122222891;;;
0000228958;146;8;EXPERIMENTAL STUDY OF A SUBMILLIMETER SPARKGAP;0;;;Estados Unidos;2013;;;;;FRANCISCO JOSE ROMAN CAMPOS FRANCISCO SANTAMARIA PIEDRAHITA;;Institute of Electrical and Electronics Engineers;41;;;;;
0000228958;147;8;SWITCHED OSCILLATOR PARAMETER EFFECTS ON THE GENERATED SIGNALS;0;;;Estados Unidos;2012;;;;;FRANCISCO JOSE ROMAN CAMPOS FRANCISCO SANTAMARIA PIEDRAHITA NESTOR MISAEL PENA TRASLAVINA NESTOR PENA;;Institute of Electrical and Electronics Engineers;40;;;;;
0000228958;148;8;STUDY OF THE BEHAVIOUR OF THE CORONA CURRENT UNDER CONTROLLED ENVIRONMENTAL CONDITIONS;0;;;Brasil;2009;;;;;JORGE ALEXANDER ALARCON VILLAMIL CARLOS ANTONIO GOMEZ VARGAS FRANCISCO SANTAMARIA PIEDRAHITA FRANCISCO JOSE ROMAN CAMPOS;;Ieee;1;;;;;
0000228958;149;8;Understanding the corona space charge influence on the ESDlike discharge produced by a floating electrode in a fast impulse current generator;0;;;Brasil;2007;;;;;FRANCISCO JOSE ROMAN CAMPOS OSCAR JAVIER DIAZ CARDENAS LILIANA PATRICIA AREVALO GONZALEZ;;Institute Of Electrotechnics And Energy Of The University Of Sao Paulo;9;;;;;
0000228958;150;8;Negative corona simulation at armospheric pressure on cylindrical coaxial arrangement;0;;;Grecia;2005;;;;;FRANCISCO JOSE ROMAN CAMPOS MARLEY BECERRA GARCIA LILIANA PATRICIA AREVALO GONZALEZ;;;2;;;;;
0000228958;151;9;Spark gap resistance for an electrostatic discharge at different pressures;0;;;Estados Unidos;2008;;;;;FRANCISCO JOSE ROMAN CAMPOS VERNON COORAY OSCAR JAVIER DIAZ CARDENAS;;;1;;;;;
0000228958;152;8;Comportamiento de la Impedancia de Aterrizamiento de una Victima Humana Impactada por un Rayo;0;;;Colombia;2008;;;;;FRANCISCO JOSE ROMAN CAMPOS FRANCISCO SANTAMARIA PIEDRAHITA OSCAR JAVIER DIAZ CARDENAS JORGE ALEXANDER ALARCON VILLAMIL;;Fondo Editorial Universidad Distrital Francisco Jose De Caldas;2;;;;;
0000228958;153;8;Comportamiento ante Descargas Atmosféricas de la Línea TorcaCaleraCirco 115kV EEB;0;;;Colombia;1989;;;;;FRANCISCO JOSE ROMAN CAMPOS H TORRES O CASTANO;;;1;;;;;
0000228958;154;8;Energy Absorption on Distribution Lightning Arresters Due to Induced Lightning Currents on an Colombian Experimental Line;0;;;Brasil;2001;;;;;FRANCISCO JOSE ROMAN CAMPOS;;Universidad De Sao Paulo;1;;;;;
0000228958;155;8;Distribution transformers failures and lightning activity in Colombia;0;;;Alemania;1992;;;;;FRANCISCO JOSE ROMAN CAMPOS;;VDEVerlag GmbH;1;;;;;
0000228958;156;8;Método de los elementos finitos para el cálculo de campos electrostáticos;0;;;Colombia;1982;;;;;FRANCISCO JOSE ROMAN CAMPOS;;Universidad Nacional de Colombia;1;;;;;
0000228958;157;8;The influence of a series microgap on the breakdown voltage of a complex gap arrangement containing floating electrodes FE;0;;;Austria;1995;;;;;FRANCISCO JOSE ROMAN CAMPOS;;Graz University Of Technology August 28 September 1 1995;1;;;;;
0000228958;158;8;Control de Generación de la Onda de Choque y Medición de sus tiempos característicos;0;;;Colombia;1985;;;;;N TRIVINO FRANCISCO JOSE ROMAN CAMPOS;;Universidad Nacional de Colombia;3;;;;;
0000228958;159;8;Las fallas de los transformadores de distribucion;0;;;Colombia;1991;;;;;FRANCISCO JOSE ROMAN CAMPOS;;;1;;;;;
0000228958;160;8;Adding negative corona currents produced by independent electrodes in a cylindrical coaxial configuration;0;;;Países Bajos;2003;;;;;FRANCISCO JOSE ROMAN CAMPOS LILIANA PATRICIA AREVALO GONZALEZ OSCAR JAVIER DIAZ CARDENAS;;Delf University;1;;;;;
0000228958;161;8;Varistor Response under Subquent Strokelike impulse currents;0;;;Países Bajos;2003;;;;;FRANCISCO JOSE ROMAN CAMPOS RAUL MONTANO VERNON COORAY;;Delf University;1;;;;;
0000228958;162;8;La teoría de los Lazos Inductivos y las fallas de los transformadores de distribución;0;;;Colombia;1991;;;;;FRANCISCO JOSE ROMAN CAMPOS;;;1;;;;;
0000228958;163;8;Response of low Voltage protective Devices under susequent strokelike impulse currents;0;;;Países Bajos;2003;;;;;FRANCISCO JOSE ROMAN CAMPOS RAUL MONTANO VERNON COORAY;;Delf University;1;;;;;
0000228958;164;8;Lightning striking distance of complex structures;0;;;Reino Unido;2008;;;;;FRANCISCO JOSE ROMAN CAMPOS COORAY V MARLEY BECERRA GARCIA;;Institute Of Electrical And Electronics Engineers Ieee;2;;;;;
0000228958;165;8;Spark Gap Behaviour in a Compact Electrostatic Fast Impulse Current Generator;0;;;Brasil;2005;;;;;FRANCISCO JOSE ROMAN CAMPOS OSCAR JAVIER DIAZ CARDENAS;;Institute Of Electrotechnics And Energy Of The University Of Sao Paulo;127;;;;;
0000228958;166;8;Comparison of the breakdown voltage of two insulating columns using the single Stress Method;0;;;Brasil;2002;;;;;FRANCISCO JOSE ROMAN CAMPOS MARLEY BECERRA GARCIA;;Universidad De Sao Paulo;1;;;;;
0000228958;167;8;Construcción de un generador de impulsos de Corriente y del sistema Asociado de medida para ensayo de pararrayos;0;;;Colombia;1985;;;;;FILIBERTO BOJACA CARLOS ANTONIO GOMEZ VARGAS FRANCISCO JOSE ROMAN CAMPOS FRANCISCO JAVIER AMORTEGUI GIL;;Universidad Nacional de Colombia;3;;;;;
0000228958;168;8;Experimental Study of Conventional MetalOxide Distribution surge arresters with an intentionally connected series gap;0;;;Brasil;2003;;;;;FRANCISCO JOSE ROMAN CAMPOS ORTIZ HELMUTH;;Institute Of Electrotechnics And Energy Of The University Of Sao Paulo;7;;;;;
0000228958;169;8;Analisis de las fallas en transformadores de distribución causadas por la operación del pararrayos ante sobretensiones externas;0;;;Colombia;1991;;;;;FRANCISCO JOSE ROMAN CAMPOS;;Universidad Nacional de Colombia;1;;;;;
0000228958;170;8;The First Lightning Measurement in the Field in Colombia;0;;;Alemania;1992;;;;;FRANCISCO JOSE ROMAN CAMPOS ANTONIO MEJIA;;VDEVerlag GmbH;1;;;;;
0000228958;171;8;Positive corona current simulation in a nonuniform coaxial arrangement;0;;;Estados Unidos;2005;;;;;FRANCISCO JOSE ROMAN CAMPOS LILIANA PATRICIA AREVALO GONZALEZ MARLEY BECERRA GARCIA;;;2;;;;;
0000228958;172;8;Analysis of a Lightning Accident in Gavle Sweden;0;;;Brasil;2005;;;;;JORGE ALEXANDER ALARCON VILLAMIL FRANCISCO JOSE ROMAN CAMPOS FRANCISCO SANTAMARIA PIEDRAHITA;;Institute Of Electrotechnics And Energy Of The University Of Sao Paulo;130;;;;;
0000228958;173;8;Prácticas Docentes de Alta Tensión para fines didácticos en Ingeniería;0;;;Colombia;1986;;;;;FRANCISCO JOSE ROMAN CAMPOS;;Universidad Nacional de Colombia;4;;;;;
0000228958;174;8;A new method to obtain the degradation of surge arresters using an Extra High Impedance DC Current Source;0;;;Brasil;2003;;;;;GAMBOA L FRANCISCO JOSE ROMAN CAMPOS JORGE ALEXANDER ALARCON VILLAMIL MARTINEZ J;;Institute Of Electrotechnics And Energy Of The University Of Sao Paulo;1;;;;;
0000228958;175;8;Influence of humanity on the breakdown voltage of a spheresphere gap ar 2600 m osl;0;;;Países Bajos;2003;;;;;FRANCISCO JOSE ROMAN CAMPOS BEJARANO LILIANA ROMERO ANDRES;;Delf University;1;;;;;
0000228958;176;8;Electrical characteristics of insulated metallic bodies in a lightning breakdown field;0;;;Hungría;1994;;;;;HOGBERG R FRANCISCO JOSE ROMAN CAMPOS ERK LOTBERG;;;1;;;;;
0000228958;177;8;Comparison of The Breakdown Voltage of two Insulating Columns Using The Simple Stress Method;0;;;Brasil;2001;;;;;MARLEY BECERRA GARCIA BEJARANO LILIANA ROMERO ANDRES FRANCISCO JOSE ROMAN CAMPOS;;Universidad De Sao Paulo;1;;;;;
0000228958;178;8;Obtaining the electrical parameters of the predischarge in air by using digitized voltage waveforms;0;;;México;2002;;;;;FRANCISCO JOSE ROMAN CAMPOS MARLEY BECERRA GARCIA;;;1;;;;;
0000228958;179;8;Digital Parameter Identification for MetalOxide Surge Arrester Models;0;;;Brasil;2003;;;;;FRANCISCO JOSE ROMAN CAMPOS MARLEY BECERRA GARCIA;;Institute Of Electrotechnics And Energy Of The University Of Sao Paulo;7;;;;;
0000228958;180;8;Metodología para la evaluación de pérdidas corona en líneas de transmisión;0;;;Colombia;1990;;;;;FRANCISCO JOSE ROMAN CAMPOS GUSTAVO CASTILLO;;Universidad Nacional de Colombia;1;;;;;
0000228958;181;8;The Principle of Operation of a single Electrostatic field Measuring Device;0;;;Países Bajos;1997;;;;;FRANCISCO JOSE ROMAN CAMPOS;;;40;;;;;
0000228958;182;8;Untersuchung der Impulsformung am Wasserisolierten Generator PIMPF;0;;;Alemania;1982;;;;;FRANCISCO JOSE ROMAN CAMPOS;;;;;;;;
0000228958;183;17;Modelamiento De Protecciones Utilizando Atp;0;;;Colombia;2007;;Protecciones ATP Varistores sobretensión Sobrecorriente;Ingeniería y Tecnología  Ingenierías Eléctrica Electrónica e Informática  Ingeniería Eléctrica y Electrónica;;CARLOS ANTONIO GOMEZ VARGAS HENRY LOPEZ CESAR RAMIREZ JAIRO ERNESTO ARIAS RUIZ;;Universidad Nacional de Colombia;1;135;;;;
0000228958;184;18;The influence of a series microgap on the breakdown voltage of a complex gap arrangement containing floating electrodes FE;0;;;Suecia;1995;;breakdown voltage floating electrode;Ingeniería y Tecnología  Ingenierías Eléctrica Electrónica e Informática  Ingeniería Eléctrica y Electrónica;Producción y distribución de electricidad y gás  Producción y distribución de energía eléctrica;;;Docuement UURIE 26795;100;60;;;;
0000228958;185;18;Guide to the laboratory on insulation coordination;0;;;Suecia;1995;;insulation coordination high voltage laboratory;Ingeniería y Tecnología  Ingenierías Eléctrica Electrónica e Informática  Ingeniería Eléctrica y Electrónica;Producción y distribución de electricidad y gás  Producción y distribución de energía eléctrica;;;Document UURIE 26795;100;40;;;;
0000228958;186;17;Effects Of Electric Field Impulses Produced By Electrically Floating Electrodes On The Corona Space Charge Generation And On The Breakdown Voltage Of Complex Gaps;0;;;Suecia;1997;;floating electrode Electric field impulse corona space charge breakdown voltage complex gap;Ingeniería y Tecnología  Ingenierías Eléctrica Electrónica e Informática  Ingeniería Eléctrica y Electrónica;Producción y distribución de electricidad y gás  Producción y distribución de energía eléctrica;;;Almqvist  Wiksell International;200;112;;;;
0000228958;187;17;Effects Of Electric Field Impulses Produced By Electrically Floating Electrodes On The Corona Space Charge Generation And On The Breakdown Voltage Of Complex Gaps;0;;;Suecia;1996;;breakdown voltage floating electrode complex gap corona space charge Electric field impulse;Ingeniería y Tecnología  Ingenierías Eléctrica Electrónica e Informática  Ingeniería Eléctrica y Electrónica;Producción y distribución de electricidad y gás  Producción y distribución de energía eléctrica;;;Almqvist  Wiksell International;200;112;;;;
0000228958;188;23;De las ideas a las patentes Un ejemplo de la génesis de cuatro patentes en la Universidad ANcional;;;;Colombia;2004;;Patentes investigación;Ingeniería y Tecnología  Ingenierías Eléctrica Electrónica e Informática  Ingeniería Eléctrica y Electrónica;Educación;FRANCISCO JOSE ROMAN CAMPOS;;;2;4  5;;;;
0000228958;189;23;Método de los elementos finitos para el cálculo de campos electrostáticos;;;;Colombia;1982;;Campos Electrostáticos Elementos finitos;;;FRANCISCO JOSE ROMAN CAMPOS;;;1;35  45;;;;
0000228958;190;23;Construcción de un Generador de Impulso de Corriente y del Sistema Asociado de Medida para ensayo de pararrayos;;;;Colombia;1985;;;;;FRANCISCO JOSE ROMAN CAMPOS FRANCISCO JAVIER AMORTEGUI GIL FILIBERTO BOJACA;;;3;30  39;;;;
0000228958;191;23;Control de Generación de la Onda de Choque y Medición de sus tiempos característicos;;;;Colombia;1985;;;;;FRANCISCO JOSE ROMAN CAMPOS N TRIVINO;;;3;33  42;;;;
0000228958;192;34;Aspectos básicos del Sistema Eléctrico;;;;Colombia;1982;;;;;FRANCISCO JOSE ROMAN CAMPOS;;;;;;;;
0000228958;193;34;Diseño económico de Líneas de Transmisión;;;;Colombia;1975;;;;;FRANCISCO JOSE ROMAN CAMPOS ANTONIO JOSE MEJIA UMANA G JIMENEZ;;;;;;;;
